frame;a;b;c
0;0;0;0
1;0;0;0
2;0;0;0
3;0;0;0
4;0;0;0
5;0;0;0
6;0;0;0
7;0;0;0
8;0;0;0
9;0;0;0
10;0;0;0
11;0;0;0
12;0;0;0
13;0;0;0
14;0;0;0
15;0;0;0
16;0;0;0
17;0;0;0
18;0;0;0
19;0;0;0
20;0;0;0
21;0;0;0
22;0;0;0
23;0;0;0
24;0;0;0
25;0;0;0
26;0;0;0
27;0;0;0
28;0;0;0
29;0;1;0
30;0;1;0
31;0;1;0
32;0;2;0
33;0;2;0
34;0;2;0
35;0;2;0
36;0;2;0
37;0;2;0
38;0;2;0
39;1;1;0
40;1;1;0
41;1;1;0
42;2;0;0
43;2;0;0
44;2;0;0
45;2;0;0
46;2;0;0
47;1;1;0
48;1;1;0
49;1;1;0
50;1;1;0
51;1;1;0
52;1;1;0
53;1;1;0
54;1;1;0
55;1;1;0
56;1;1;0
57;1;1;0
58;1;1;0
59;1;1;0
60;1;1;0
61;1;1;0
62;1;1;0
63;1;1;0
64;1;1;0
65;1;1;0
66;1;1;0
67;1;1;0
68;1;1;0
69;1;1;0
70;1;1;0
71;1;1;0
72;1;1;0
73;1;1;0
74;1;1;0
75;1;1;0
76;1;1;0
77;1;1;0
78;1;1;0
79;1;1;0
80;1;1;0
81;1;1;0
82;1;1;0
83;1;1;0
84;1;1;0
85;1;1;0
86;1;1;0
87;1;1;0
88;1;1;0
89;1;1;0
90;1;1;0
91;1;1;0
92;2;0;0
93;2;0;0
94;2;0;0
95;2;0;0
96;2;0;0
97;2;0;0
98;2;0;0
99;2;0;0
100;2;0;0
101;1;1;0
102;1;1;0
103;1;1;0
104;0;2;0
105;0;2;0
106;0;2;0
107;0;2;0
108;0;2;0
109;0;2;0
110;0;2;0
111;0;2;0
112;0;2;0
113;0;2;0
114;0;2;0
115;0;2;0
116;0;2;0
117;0;2;0
118;0;2;0
119;0;2;0
120;0;2;0
121;0;2;0
122;0;2;0
123;0;2;0
124;0;2;0
125;0;2;0
126;0;2;0
127;0;2;0
128;0;2;0
129;0;2;0
130;0;2;0
131;0;2;0
132;0;2;0
133;0;2;0
134;1;1;0
135;2;0;0
136;2;0;0
137;2;0;0
138;2;0;0
139;2;0;0
140;2;0;0
141;2;0;0
142;2;0;0
143;2;0;0
144;2;0;0
145;1;1;0
146;0;2;0
147;0;2;0
148;0;2;0
149;0;2;0
150;0;2;0
151;0;2;0
152;0;2;0
153;0;2;0
154;0;2;0
155;0;2;0
156;0;2;0
157;0;2;0
158;0;2;0
159;0;2;0
160;0;2;0
161;0;2;0
162;0;0;0
163;0;0;0
164;0;0;0
165;0;0;0
166;0;0;0
167;0;0;0
168;0;0;0
169;0;0;0
170;0;0;0
171;0;0;0
172;0;0;0
173;0;0;0
174;0;0;0
175;0;0;0
176;0;0;0
177;0;0;0
178;0;0;0
179;0;0;0
180;0;0;0
181;0;0;0
182;0;0;0
183;0;0;0
184;0;0;0
185;0;0;0
186;0;1;0
187;0;1;0
188;0;1;0
189;1;1;0
190;1;1;0
191;1;1;0
192;1;1;0
193;1;1;0
194;1;1;0
195;0;2;0
196;0;2;0
197;0;2;0
198;0;2;0
199;0;2;0
200;0;2;0
201;0;2;0
202;0;2;0
203;0;2;0
204;0;2;0
205;0;2;0
206;0;2;0
207;0;2;0
208;0;2;0
209;0;2;0
210;0;2;0
211;0;2;0
212;0;2;0
213;0;2;0
214;0;2;0
215;0;2;0
216;0;2;0
217;0;2;0
218;0;2;0
219;0;2;0
220;0;2;0
221;1;1;0
222;2;0;0
223;2;0;0
224;2;0;0
225;2;0;0
226;1;1;0
227;1;1;0
228;1;1;0
229;0;2;0
230;0;2;0
231;0;2;0
232;0;2;0
233;0;2;0
234;0;1;1
235;0;1;1
236;0;1;1
237;0;1;1
238;0;1;1
239;0;0;2
240;0;0;2
241;0;0;2
242;0;0;2
243;0;0;2
244;0;0;2
245;0;0;2
246;0;0;2
247;0;0;2
248;0;0;2
249;0;0;2
250;0;0;2
251;0;0;2
252;0;0;2
253;0;0;2
254;0;0;2
255;0;0;1
256;0;0;0
257;0;0;0
258;0;0;0
259;0;0;0
260;0;0;0
261;0;0;0
262;0;0;0
263;0;0;0
264;0;0;0
265;0;0;0
266;0;0;0
267;0;0;0
268;0;0;0
269;0;0;0
270;0;0;0
271;0;0;0
272;0;0;0
273;0;0;0
274;0;0;0
275;0;0;0
276;0;0;0
277;0;0;0
278;0;0;0
279;0;0;0
280;0;0;0
281;0;0;0
282;0;0;0
283;0;0;0
284;0;0;0
285;0;0;0
286;0;0;0
287;0;0;0
288;0;0;0
289;0;0;0
290;0;0;0
291;0;0;0
292;0;0;0
293;0;0;0
294;0;0;0
295;0;0;0
296;0;0;0
297;0;0;0
298;0;0;0
299;0;0;0
300;0;0;0
301;0;0;0
302;0;0;0
303;0;0;0
304;0;0;0
305;0;0;0
306;0;0;0
307;0;0;0
308;0;0;0
309;0;0;0
310;0;0;0
311;0;0;0
312;0;0;0
313;0;0;0
314;0;0;0
315;0;0;0
316;0;0;0
317;0;0;0
318;0;0;0
319;0;0;0
320;0;0;0
321;0;0;0
322;0;0;0
323;0;0;0
324;0;0;0
325;0;0;0
326;0;0;0
327;0;0;0
328;0;0;0
329;0;0;0
330;0;0;0
331;0;0;0
332;0;0;0
333;0;0;0
334;0;0;0
335;0;0;0
336;0;0;0
337;0;0;0
338;0;0;0
339;0;0;0
340;0;0;0
341;0;0;0
342;0;0;0
343;0;0;0
344;0;0;0
345;0;0;0
346;0;0;0
347;0;0;0
348;0;0;0
349;0;0;0
350;0;0;0
351;0;0;0
352;0;0;0
353;0;0;0
354;0;0;0
355;0;0;0
356;0;0;0
357;0;0;0
358;0;0;0
359;0;0;0
360;0;0;0
361;0;0;0
362;0;0;0
363;0;0;0
364;0;0;0
365;0;0;0
366;0;0;0
367;0;0;0
368;0;0;0
369;0;0;0
370;0;0;0
371;0;0;0
372;0;0;0
373;0;0;0
374;0;0;0
375;0;0;1
376;0;0;1
377;0;0;2
378;0;0;2
379;0;0;2
380;0;0;2
381;0;0;2
382;0;0;2
383;0;0;2
384;0;0;2
385;0;0;2
386;0;0;2
387;0;0;2
388;0;0;2
389;0;0;2
390;0;0;2
391;0;0;2
392;0;0;2
393;0;0;2
394;0;0;2
395;0;0;2
396;0;0;2
397;0;0;2
398;0;0;2
399;0;0;2
400;0;0;2
401;0;0;2
402;0;0;2
403;0;0;2
404;0;0;2
405;0;0;2
406;1;0;1
407;1;0;1
408;1;0;1
409;1;0;1
410;1;0;1
411;1;0;1
412;1;0;1
413;0;1;1
414;0;1;1
415;0;1;1
416;0;1;1
417;0;1;1
418;0;1;1
419;0;1;1
420;0;1;1
421;0;1;1
422;0;1;1
423;0;1;1
424;0;1;1
425;0;1;1
426;0;1;1
427;0;1;1
428;0;1;1
429;0;1;1
430;0;1;1
431;0;1;1
432;0;1;1
433;0;0;2
434;0;0;2
435;0;0;2
436;0;0;2
437;0;0;2
438;0;0;2
439;0;0;2
440;0;0;2
441;0;0;2
442;0;0;2
443;0;0;2
444;0;0;2
445;0;1;1
446;0;1;1
447;0;1;1
448;0;1;1
449;0;1;1
450;0;1;1
451;0;1;1
452;0;1;1
453;0;1;1
454;0;1;1
455;0;1;1
456;0;0;2
457;0;0;2
458;0;0;2
459;0;0;2
460;0;0;2
461;0;0;2
462;0;0;2
463;0;0;1
464;0;0;1
465;0;0;1
466;0;0;1
467;0;0;0
468;0;0;0
469;0;0;0
470;0;0;0
471;0;0;0
472;0;0;0
473;0;0;0
474;0;0;0
475;0;0;0
476;0;0;0
477;0;0;0
478;0;0;0
479;0;0;0
480;0;0;0
481;0;0;0
482;0;0;0
483;0;0;0
484;0;0;0
485;0;0;0
486;0;0;0
487;0;0;0
488;0;0;0
489;0;0;0
490;0;0;0
491;0;0;0
492;0;0;0
493;0;0;0
494;0;0;0
495;0;0;0
496;0;0;0
497;0;0;0
498;0;0;0
499;0;0;0
500;0;0;1
501;0;0;2
502;0;0;2
503;0;0;2
504;0;0;2
505;0;0;2
506;0;0;2
507;0;0;2
508;0;0;2
509;0;0;2
510;0;0;2
511;0;0;2
512;0;0;2
513;0;0;2
514;0;0;2
515;0;0;2
516;0;0;2
517;0;0;2
518;0;0;2
519;0;0;2
520;0;0;2
521;0;0;2
522;0;0;2
523;0;0;2
524;0;0;2
525;0;0;2
526;0;0;2
527;0;0;2
528;0;0;2
529;0;0;2
530;0;0;2
531;0;0;2
532;0;0;2
533;0;0;2
534;0;0;2
535;0;0;2
536;0;0;1
537;0;0;1
538;0;0;1
539;0;0;0
540;0;0;0
541;0;0;0
542;0;0;0
543;0;0;0
544;0;0;0
545;0;0;0
546;0;0;0
547;0;0;0
548;0;0;0
549;0;0;0
550;0;0;0
551;0;0;0
552;0;0;0
553;0;0;0
554;0;0;0
555;0;0;0
556;0;0;0
557;0;0;0
558;0;0;0
559;0;0;0
560;0;0;0
561;0;0;0
562;0;0;0
563;0;0;0
564;0;0;0
565;0;0;0
566;0;0;0
567;0;0;0
568;0;0;0
569;0;0;0
570;0;0;0
571;0;0;0
572;0;0;0
573;0;0;0
574;0;0;0
575;0;0;0
576;0;0;0
577;0;0;0
578;0;0;0
579;0;0;0
580;0;0;0
581;0;0;0
582;0;0;0
583;0;0;0
584;0;0;0
585;0;0;0
586;0;0;0
587;0;0;0
588;0;0;0
589;0;0;0
590;0;0;0
591;0;0;0
592;0;0;0
593;0;0;0
594;0;0;0
595;0;0;0
596;0;0;0
597;0;0;0
598;0;0;0
599;0;0;0
600;0;0;0
601;0;0;0
602;0;0;0
603;0;0;0
604;0;0;0
605;0;0;0
606;0;0;0
607;0;0;0
608;0;0;0
609;0;0;0
610;0;0;0
611;0;0;0
612;0;0;0
613;0;0;0
614;0;0;0
615;0;0;0
616;0;0;0
617;0;0;0
618;0;0;0
619;0;0;0
620;0;0;0
621;0;0;0
622;0;0;0
623;0;0;0
624;0;0;0
625;0;0;0
626;0;0;0
627;0;0;0
628;0;0;0
629;0;0;0
630;0;0;0
631;0;0;0
632;0;0;0
633;0;0;0
634;0;0;0
635;0;0;0
636;0;0;0
637;0;0;0
638;0;0;0
639;0;0;0
640;0;0;0
641;0;0;0
642;0;0;0
643;0;0;0
644;0;0;0
645;0;0;0
646;0;0;0
647;0;0;0
648;0;0;2
649;0;0;2
650;0;0;2
651;0;0;2
652;0;0;2
653;0;0;2
654;0;0;2
655;0;0;2
656;0;0;2
657;0;0;2
658;0;0;2
659;0;0;2
660;0;0;2
661;0;0;2
662;0;0;2
663;0;0;2
664;0;0;2
665;0;0;2
666;0;0;2
667;0;0;2
668;0;0;2
669;0;0;2
670;0;0;2
671;0;0;2
672;0;0;2
673;0;0;2
674;0;0;2
675;0;0;2
676;0;0;2
677;0;0;2
678;0;0;2
679;0;0;2
680;0;0;2
681;0;0;2
682;0;0;2
683;0;0;2
684;0;0;2
685;0;0;2
686;0;0;2
687;0;0;2
688;0;0;2
689;0;0;2
690;0;0;2
691;0;0;2
692;0;0;2
693;0;0;2
694;0;0;2
695;0;0;2
696;0;0;2
697;0;0;2
698;0;0;2
699;0;0;2
700;0;0;2
701;0;0;2
702;0;0;2
703;0;0;2
704;0;0;2
705;0;0;2
706;1;0;1
707;1;0;1
708;1;0;1
709;1;0;1
710;1;0;1
711;1;0;1
712;1;0;1
713;2;0;0
714;2;0;0
715;2;0;0
716;2;0;0
717;1;0;1
718;1;0;1
719;0;1;1
720;0;1;1
721;0;1;1
722;0;1;1
723;0;2;0
724;0;2;0
725;0;2;0
726;0;2;0
727;0;2;0
728;0;2;0
729;0;2;0
730;0;2;0
731;0;2;0
732;0;2;0
733;0;2;0
734;0;1;1
735;0;1;1
736;0;1;1
737;0;1;1
738;0;1;1
739;0;1;1
740;0;1;1
741;0;1;0
742;0;1;0
743;0;1;0
744;0;1;0
745;0;1;0
746;0;1;0
747;1;0;0
748;2;0;0
749;2;0;0
750;2;0;0
751;2;0;0
752;2;0;0
753;2;0;0
754;2;0;0
755;2;0;0
756;2;0;0
757;1;1;0
758;1;1;0
759;1;1;0
760;1;1;0
761;1;1;0
762;1;1;0
763;1;1;0
764;1;0;0
765;1;0;0
766;1;0;0
767;1;0;0
768;1;0;0
769;1;0;0
770;1;0;0
771;1;0;0
772;1;0;0
773;1;0;0
774;1;0;0
775;1;0;0
776;1;0;0
777;1;0;0
778;1;0;0
779;1;0;0
780;1;0;0
781;1;0;0
782;1;0;0
783;1;0;0
784;2;0;0
785;2;0;0
786;2;0;0
787;2;0;0
788;2;0;0
789;2;0;0
790;2;0;0
791;2;0;0
792;2;0;0
793;2;0;0
794;2;0;0
795;2;0;0
796;1;1;0
797;1;1;0
798;1;1;0
799;1;1;0
800;0;1;1
801;0;1;1
802;0;1;1
803;0;1;1
804;0;1;1
805;0;1;1
806;0;1;1
807;0;1;1
808;0;1;1
809;0;1;1
810;0;0;2
811;0;0;2
812;0;0;2
813;0;0;2
814;0;1;1
815;0;1;1
816;0;1;1
817;0;1;1
818;0;1;1
819;0;1;1
820;0;1;1
821;0;1;1
822;0;1;1
823;0;1;1
824;0;1;1
825;1;0;1
826;1;0;1
827;1;0;1
828;1;0;1
829;1;0;1
830;1;0;1
831;1;0;1
832;0;0;2
833;0;0;2
834;0;0;2
835;0;0;2
836;0;0;2
837;0;0;2
838;0;0;2
839;0;0;2
840;0;0;2
841;0;0;2
842;0;0;2
843;0;0;2
844;0;0;2
845;0;0;2
846;0;0;2
847;0;0;2
848;0;0;2
849;0;0;2
850;0;0;2
851;0;0;2
852;0;1;1
853;0;1;1
854;0;1;1
855;1;0;1
856;1;0;1
857;2;0;0
858;2;0;0
859;2;0;0
860;2;0;0
861;2;0;0
862;2;0;0
863;2;0;0
864;2;0;0
865;2;0;0
866;2;0;0
867;2;0;0
868;2;0;0
869;2;0;0
870;2;0;0
871;2;0;0
872;2;0;0
873;1;1;0
874;1;1;0
875;1;1;0
876;1;1;0
877;1;1;0
878;1;1;0
879;1;1;0
880;1;1;0
881;1;1;0
882;1;0;0
883;1;0;0
884;1;0;0
885;1;0;0
886;1;0;0
887;1;0;0
888;1;0;0
889;1;0;0
890;0;0;0
891;0;0;0
892;0;0;0
893;0;0;0
894;0;0;0
895;0;0;0
896;0;0;0
897;0;0;0
898;0;0;0
899;0;0;0
900;0;0;0
901;0;0;0
902;0;0;0
903;0;0;0
904;0;0;0
905;0;0;0
906;0;0;0
907;0;0;0
908;0;0;0
909;0;0;0
910;0;0;0
911;0;0;0
912;0;0;0
913;0;0;0
914;0;0;0
915;0;0;0
916;0;0;0
917;0;0;0
918;0;0;0
919;0;0;0
920;0;0;0
921;0;0;0
922;0;0;0
923;0;0;0
924;0;0;0
925;0;0;0
926;0;0;0
927;0;0;0
928;0;0;0
929;0;0;0
930;0;0;0
931;0;0;0
932;0;0;0
933;0;0;0
934;0;0;0
935;0;0;0
936;0;0;0
937;0;0;0
938;0;0;0
939;0;0;0
940;0;0;0
941;0;0;0
942;0;0;0
943;0;0;0
944;0;0;0
945;0;0;0
946;0;0;0
947;0;0;0
948;0;0;0
949;0;0;0
950;0;0;0
951;0;0;0
952;0;0;0
953;0;0;0
954;0;0;0
955;0;0;0
956;0;0;0
957;0;0;0
958;0;0;0
959;0;0;0
960;0;0;0
961;0;0;0
962;0;0;0
963;0;0;0
964;0;0;0
965;0;0;0
966;0;0;0
967;1;0;0
968;1;0;0
969;1;1;0
970;2;0;0
971;2;0;0
972;2;0;0
973;2;0;0
974;2;0;0
975;2;0;0
976;2;0;0
977;2;0;0
978;2;0;0
979;2;0;0
980;2;0;0
981;1;0;1
982;1;0;1
983;1;0;1
984;0;0;2
985;0;0;2
986;0;0;2
987;0;0;2
988;0;0;2
989;0;0;2
990;0;0;2
991;0;0;2
992;0;0;2
993;0;0;2
994;0;0;2
995;0;0;2
996;0;0;2
997;0;0;2
998;0;0;2
999;0;0;2
1000;0;0;2
1001;0;0;2
1002;0;0;2
1003;0;0;2
1004;0;0;2
1005;0;0;1
1006;0;0;1
1007;0;0;1
1008;0;0;1
1009;0;0;0
1010;0;0;0
1011;0;0;0
1012;0;0;0
1013;0;0;0
1014;0;0;0
1015;0;0;0
1016;0;0;0
1017;0;0;0
1018;0;0;0
1019;0;0;0
1020;0;0;0
1021;0;0;0
1022;0;0;0
1023;0;0;0
1024;0;0;0
1025;0;0;0
1026;0;0;0
1027;0;0;0
1028;0;0;0
1029;0;0;0
1030;0;0;0
1031;0;0;0
1032;0;0;0
1033;0;0;0
1034;0;0;0
1035;0;0;0
1036;0;0;0
1037;0;0;0
1038;0;0;0
1039;0;0;0
1040;0;0;0
1041;0;0;0
1042;0;0;0
1043;0;0;0
1044;0;0;0
1045;0;0;0
1046;0;0;0
1047;0;0;0
1048;0;0;0
1049;0;0;0
1050;0;0;0
1051;0;0;0
1052;0;0;0
1053;0;0;0
1054;0;0;0
1055;0;0;0
1056;0;0;0
1057;0;0;1
1058;0;0;2
1059;0;0;2
1060;0;0;2
1061;0;0;2
1062;0;0;2
1063;0;0;2
1064;0;0;2
1065;0;0;2
1066;0;0;2
1067;0;0;2
1068;0;0;2
1069;0;0;2
1070;0;0;2
1071;0;0;2
1072;0;0;2
1073;0;0;2
1074;0;0;2
1075;0;0;2
1076;0;0;2
1077;0;0;2
1078;0;0;2
1079;0;0;2
1080;0;0;2
1081;0;0;2
1082;0;0;2
1083;0;0;2
1084;0;0;2
1085;0;0;2
1086;0;0;2
1087;0;0;2
1088;0;0;2
1089;0;0;2
1090;0;0;2
1091;0;0;2
1092;0;0;2
1093;0;0;2
1094;0;0;2
1095;0;0;2
1096;0;0;2
1097;0;0;2
1098;0;0;2
1099;0;0;2
1100;0;0;2
1101;0;0;2
1102;0;0;2
1103;0;0;2
1104;0;0;2
1105;0;0;2
1106;0;0;2
1107;0;0;2
1108;0;0;2
1109;0;0;2
1110;0;0;2
1111;0;0;2
1112;0;0;2
1113;0;0;2
1114;0;0;2
1115;0;0;2
1116;0;0;2
1117;0;0;2
1118;0;0;2
1119;0;0;2
1120;0;0;2
1121;0;0;2
1122;0;0;2
1123;0;0;2
1124;0;0;2
1125;0;0;2
1126;0;0;2
1127;0;0;2
1128;0;0;2
1129;0;0;2
1130;0;0;2
1131;1;0;1
1132;1;0;1
1133;1;0;1
1134;1;0;1
1135;1;0;1
1136;1;0;1
1137;2;0;0
1138;2;0;0
1139;2;0;0
1140;2;0;0
1141;2;0;0
1142;2;0;0
1143;2;0;0
1144;2;0;0
1145;2;0;0
1146;2;0;0
1147;2;0;0
1148;2;0;0
1149;2;0;0
1150;1;0;1
1151;1;0;1
1152;1;0;1
1153;1;0;1
1154;1;0;1
1155;0;0;2
1156;0;0;2
1157;0;0;2
1158;0;0;2
1159;0;0;2
1160;0;0;2
1161;0;0;2
1162;0;0;2
1163;0;0;2
1164;0;0;2
1165;0;0;2
1166;0;0;2
1167;0;0;2
1168;0;0;2
1169;0;0;2
1170;0;0;2
1171;0;0;2
1172;0;0;2
1173;0;0;2
1174;0;0;2
1175;1;0;1
1176;1;0;1
1177;1;0;1
1178;1;0;1
1179;1;0;1
1180;1;0;1
1181;1;0;1
1182;1;0;1
1183;0;0;2
1184;0;0;2
1185;0;0;2
1186;0;0;2
1187;0;0;2
1188;0;0;2
1189;0;0;2
1190;0;0;2
1191;0;0;2
1192;0;0;2
1193;0;0;2
1194;0;0;2
1195;0;0;2
1196;0;0;2
1197;0;0;2
1198;0;0;2
1199;0;0;2
1200;0;0;2
1201;0;0;2
1202;0;0;2
1203;0;0;2
1204;0;0;2
1205;0;0;2
1206;0;0;1
1207;0;0;1
1208;0;0;1
1209;0;0;1
1210;0;0;1
1211;0;0;1
1212;0;0;1
1213;0;0;0
1214;0;0;0
1215;0;0;0
1216;0;0;0
1217;0;0;0
1218;0;0;0
1219;0;0;0
1220;0;0;0
1221;0;0;0
1222;0;0;0
1223;0;0;0
1224;0;0;0
1225;0;0;0
1226;0;0;0
1227;0;0;0
1228;0;0;0
1229;0;0;0
1230;0;0;0
1231;0;0;0
1232;0;0;0
1233;0;0;0
1234;0;0;0
1235;0;0;0
1236;0;0;0
1237;0;0;0
1238;0;0;0
1239;0;0;0
1240;0;0;0
1241;0;0;0
1242;0;0;0
1243;0;0;0
1244;0;0;0
1245;0;0;0
1246;0;0;0
1247;0;0;0
1248;0;0;0
1249;0;0;0
1250;0;0;0
1251;0;0;0
1252;0;0;0
1253;0;0;0
1254;0;0;0
1255;0;0;0
1256;0;0;0
1257;0;0;0
1258;0;0;0
1259;0;0;0
1260;0;0;0
1261;0;0;0
1262;0;0;0
1263;0;0;0
1264;0;0;0
1265;0;0;0
1266;0;0;0
1267;0;0;0
1268;0;0;0
1269;0;0;0
1270;0;0;0
1271;0;0;0
1272;0;0;0
1273;0;0;0
1274;0;0;0
1275;0;0;0
1276;0;0;0
1277;0;0;0
1278;0;0;0
1279;0;0;0
1280;0;0;0
1281;0;0;0
1282;0;0;0
1283;0;0;0
1284;0;0;0
1285;0;0;0
1286;0;0;0
1287;0;0;0
1288;0;0;0
1289;0;0;0
1290;0;0;0
1291;0;0;0
1292;0;0;0
1293;0;0;0
1294;0;0;0
1295;0;0;0
1296;0;0;0
1297;0;0;0
1298;0;0;0
1299;0;0;0
1300;0;0;0
1301;0;0;0
1302;0;0;0
1303;0;0;0
1304;0;0;0
1305;0;0;0
1306;0;0;0
1307;0;0;0
1308;0;0;0
1309;0;0;0
1310;0;0;0
1311;0;0;0
1312;0;0;0
1313;0;0;0
1314;0;0;0
1315;0;0;0
1316;0;0;0
1317;0;0;0
1318;0;0;0
1319;0;0;0
1320;0;0;0
1321;0;0;0
1322;0;0;0
1323;0;0;0
1324;0;0;0
1325;0;0;0
1326;0;0;0
1327;0;0;0
1328;0;0;0
1329;0;0;0
1330;0;0;0
1331;0;0;0
1332;0;0;0
1333;0;0;0
1334;0;0;0
1335;0;0;0
1336;0;0;0
1337;0;0;0
1338;0;0;0
1339;0;0;1
1340;0;0;1
1341;0;0;1
1342;0;0;1
1343;0;0;1
1344;0;0;1
1345;0;0;1
1346;0;0;2
1347;0;0;2
1348;0;0;2
1349;0;0;2
1350;0;0;2
1351;0;0;2
1352;0;0;2
1353;0;0;2
1354;0;0;2
1355;0;0;2
1356;0;0;2
1357;0;0;2
1358;0;0;2
1359;0;0;2
1360;0;0;2
1361;0;0;2
1362;0;0;2
1363;0;0;2
1364;0;0;2
1365;0;0;2
1366;0;0;2
1367;0;0;2
1368;0;0;2
1369;0;0;2
1370;0;0;2
1371;0;0;2
1372;0;0;2
1373;0;0;2
1374;0;0;2
1375;0;0;2
1376;0;0;2
1377;0;0;2
1378;0;0;2
1379;0;0;2
1380;0;0;2
1381;0;0;2
1382;0;0;2
1383;0;0;2
1384;0;0;2
1385;0;0;2
1386;0;0;2
1387;0;0;2
1388;0;0;2
1389;0;0;2
1390;0;0;2
1391;0;0;2
1392;0;0;2
1393;0;0;2
1394;0;0;2
1395;0;0;2
1396;0;0;2
1397;0;0;2
1398;0;0;2
1399;0;0;1
1400;0;0;1
1401;0;0;1
1402;0;0;1
1403;0;0;1
1404;0;0;1
1405;0;0;1
1406;0;0;1
1407;0;0;0
1408;0;0;0
1409;0;0;0
1410;0;0;0
1411;0;0;0
1412;0;0;0
1413;0;0;0
1414;0;0;0
1415;0;0;0
1416;0;0;0
1417;0;0;0
1418;0;0;0
1419;0;0;0
1420;0;0;0
1421;0;0;0
1422;0;0;0
1423;0;0;0
1424;0;0;0
1425;0;0;0
1426;0;0;0
1427;0;0;0
1428;0;0;0
1429;0;0;0
1430;0;0;1
1431;0;0;2
1432;0;0;2
1433;0;0;2
1434;0;0;2
1435;0;0;2
1436;0;0;2
1437;0;0;2
1438;0;0;2
1439;0;0;2
1440;0;0;2
1441;0;0;2
1442;0;0;2
1443;0;0;2
1444;0;0;2
1445;0;0;2
1446;0;0;2
1447;0;0;2
1448;0;0;2
1449;0;0;2
1450;0;0;2
1451;0;0;2
1452;0;0;2
1453;0;0;2
1454;0;0;2
1455;0;0;2
1456;0;0;2
1457;0;0;2
1458;0;0;2
1459;0;0;2
1460;0;0;2
1461;0;0;2
1462;0;0;2
1463;0;0;2
1464;0;0;2
1465;0;0;2
1466;0;0;2
1467;0;0;2
1468;0;0;2
1469;0;0;2
1470;0;0;2
1471;0;0;2
1472;0;0;2
1473;0;0;2
1474;0;0;2
1475;0;0;2
1476;0;0;2
1477;0;0;2
1478;0;0;2
1479;0;0;2
1480;0;0;2
1481;0;0;2
1482;0;0;2
1483;0;0;2
1484;0;0;2
1485;0;0;2
1486;0;0;2
1487;0;0;2
1488;0;0;2
1489;0;0;2
1490;0;0;2
1491;0;0;2
1492;0;0;2
1493;0;0;2
1494;0;0;2
1495;0;0;2
1496;0;0;2
1497;0;0;2
1498;0;0;2
1499;0;0;2
1500;0;0;2
1501;0;0;2
1502;0;0;2
1503;0;0;2
1504;0;0;1
1505;0;0;0
1506;0;0;0
1507;0;0;0
1508;0;0;0
1509;0;0;0
1510;0;0;0
1511;0;0;0
1512;0;0;0
1513;0;0;0
1514;0;0;0
1515;0;0;0
1516;0;0;0
1517;0;0;0
1518;0;0;0
1519;0;0;0
1520;0;0;0
1521;0;0;0
1522;0;0;0
1523;0;0;0
1524;0;0;0
1525;0;0;0
1526;0;0;0
1527;0;0;0
1528;0;0;0
1529;0;0;0
1530;0;0;0
1531;0;0;0
1532;0;0;0
1533;0;0;0
1534;0;0;0
1535;0;0;0
1536;0;0;0
1537;0;0;0
1538;0;0;0
1539;0;0;0
1540;0;0;0
1541;0;0;0
1542;0;0;0
1543;0;0;0
1544;0;0;0
1545;0;0;0
1546;0;0;0
1547;0;0;0
1548;0;0;0
1549;0;0;0
1550;0;0;0
1551;0;0;0
1552;0;0;0
1553;0;0;0
1554;0;0;0
1555;0;0;0
1556;0;0;0
1557;0;0;0
1558;0;0;0
1559;0;0;0
1560;0;0;0
1561;0;0;0
1562;0;0;0
1563;0;0;0
1564;0;0;0
1565;0;0;0
1566;0;0;0
1567;0;0;0
1568;0;0;0
1569;0;0;0
1570;0;0;0
1571;0;0;0
1572;0;0;0
1573;0;0;0
1574;0;0;0
1575;0;0;0
1576;0;0;0
1577;0;0;0
1578;0;0;0
1579;0;0;0
1580;0;0;0
1581;0;0;0
1582;0;0;0
1583;0;0;0
1584;0;0;0
1585;0;0;0
1586;0;0;0
1587;0;0;0
1588;0;0;0
1589;0;0;0
1590;0;0;0
1591;0;0;0
1592;0;0;0
1593;0;0;0
1594;0;0;0
1595;0;0;0
1596;0;0;0
1597;0;0;0
1598;0;0;0
1599;0;0;0
1600;0;0;0
1601;0;0;0
1602;0;0;0
1603;0;0;0
1604;0;0;0
1605;0;0;0
1606;0;0;0
1607;0;0;0
1608;0;0;0
1609;0;0;0
1610;0;0;0
1611;0;0;0
1612;0;0;0
1613;0;0;0
1614;0;0;0
1615;0;0;0
1616;0;0;0
1617;0;0;0
1618;0;0;0
1619;0;0;0
1620;0;0;0
1621;0;0;0
1622;0;0;0
1623;0;0;0
1624;0;0;0
1625;0;0;0
1626;0;0;0
1627;0;0;0
1628;0;0;0
1629;0;0;0
1630;0;0;0
1631;0;0;0
1632;0;0;0
1633;0;0;0
1634;0;0;0
1635;0;0;0
1636;0;0;0
1637;0;0;0
1638;0;0;0
1639;0;0;0
1640;0;0;0
1641;0;0;0
1642;0;0;0
1643;0;0;0
1644;0;0;0
1645;0;0;0
1646;0;0;0
1647;0;0;0
1648;0;0;0
1649;0;0;0
1650;0;0;0
1651;0;0;0
1652;0;0;0
1653;0;0;0
1654;0;0;0
1655;0;0;0
1656;0;0;0
1657;0;0;0
1658;0;0;0
1659;0;0;0
1660;0;0;0
1661;0;0;0
1662;0;0;0
1663;0;0;0
1664;0;0;0
1665;1;0;1
1666;1;0;1
1667;0;0;2
1668;0;0;2
1669;0;0;2
1670;0;0;2
1671;0;0;2
1672;0;0;2
1673;0;0;2
1674;0;0;2
1675;0;0;2
1676;0;0;2
1677;0;0;2
1678;0;0;2
1679;0;0;2
1680;0;0;2
1681;0;0;2
1682;0;0;2
1683;0;0;2
1684;0;0;2
1685;0;0;2
1686;0;0;2
1687;0;0;2
1688;0;0;2
1689;0;0;2
1690;0;0;2
1691;0;0;2
1692;0;0;2
1693;0;0;2
1694;0;0;2
1695;0;0;2
1696;0;0;2
1697;0;0;2
1698;0;0;2
1699;0;0;2
1700;0;0;2
1701;0;0;2
1702;0;0;2
1703;0;0;2
1704;0;0;2
1705;0;0;2
1706;0;0;2
1707;0;0;2
1708;0;0;2
1709;0;0;2
1710;0;0;2
1711;0;0;2
1712;0;0;2
1713;0;0;2
1714;0;0;2
1715;0;0;2
1716;0;0;2
1717;0;0;2
1718;0;0;2
1719;0;0;2
1720;0;0;2
1721;0;0;2
1722;0;0;2
1723;0;0;2
1724;0;0;2
1725;0;0;2
1726;0;0;2
1727;0;0;2
1728;0;0;2
1729;0;0;2
1730;0;0;2
1731;0;0;2
1732;0;0;2
1733;0;0;2
1734;0;0;2
1735;0;0;2
1736;0;0;2
1737;0;0;2
1738;0;0;2
1739;0;0;2
1740;0;0;2
1741;0;0;2
1742;0;0;2
1743;0;0;2
1744;0;0;2
1745;0;0;2
1746;0;0;2
1747;0;0;2
1748;0;0;2
1749;0;0;2
1750;0;0;2
1751;0;0;2
1752;0;0;2
1753;0;0;2
1754;0;0;2
1755;0;0;2
1756;0;0;2
1757;0;0;2
1758;0;0;2
1759;0;0;2
1760;0;0;2
1761;0;0;2
1762;0;0;2
1763;0;0;2
1764;0;0;2
1765;0;0;2
1766;0;0;2
1767;0;0;2
1768;0;0;2
1769;0;0;2
1770;0;0;2
1771;0;0;2
1772;0;0;2
1773;0;0;2
1774;0;0;2
1775;0;0;2
1776;0;0;2
1777;0;0;2
1778;0;0;2
1779;0;0;2
1780;0;0;2
1781;0;0;2
1782;0;0;2
1783;0;0;2
1784;0;0;2
1785;0;0;2
1786;0;0;2
1787;0;0;2
1788;0;0;2
1789;0;0;2
1790;0;0;2
1791;0;0;2
1792;0;0;2
1793;0;0;2
1794;0;0;2
1795;0;0;2
1796;0;0;2
1797;0;0;2
1798;0;0;2
1799;0;0;2
1800;0;0;2
1801;0;0;2
1802;0;0;2
1803;0;0;2
1804;0;0;2
1805;0;0;2
1806;0;0;2
1807;0;0;2
1808;0;0;2
1809;0;0;2
1810;0;0;2
1811;0;0;2
1812;0;0;2
1813;0;0;2
1814;0;0;2
1815;0;0;2
1816;0;0;2
1817;0;0;2
1818;0;0;2
1819;0;0;2
1820;0;0;2
1821;0;0;2
1822;0;0;2
1823;0;0;2
1824;0;0;2
1825;0;0;2
1826;0;0;2
1827;0;0;2
1828;0;0;2
1829;0;0;2
1830;0;0;2
1831;0;0;2
1832;0;0;2
1833;0;0;2
1834;0;0;2
1835;0;0;2
1836;0;0;2
1837;0;0;2
1838;0;0;2
1839;0;0;2
1840;0;0;2
1841;0;0;2
1842;0;0;2
1843;0;0;2
1844;0;0;2
1845;0;0;2
1846;0;0;2
1847;0;0;2
1848;0;0;2
1849;0;0;2
1850;0;0;2
1851;0;0;2
1852;0;0;2
1853;0;0;2
1854;0;0;2
1855;0;0;2
1856;0;0;2
1857;0;0;2
1858;0;0;2
1859;0;0;2
1860;0;0;2
1861;0;0;2
1862;0;0;2
1863;0;0;2
1864;0;0;2
1865;0;0;2
1866;0;0;2
1867;0;0;2
1868;0;0;2
1869;0;0;2
1870;0;0;2
1871;0;0;2
1872;0;0;2
1873;0;0;2
1874;0;0;2
1875;0;0;2
1876;0;0;2
1877;0;0;2
1878;0;0;1
1879;0;0;1
1880;0;0;1
1881;0;0;1
1882;0;0;1
1883;0;0;1
1884;0;0;1
1885;0;0;1
1886;0;0;1
1887;0;0;1
1888;0;0;1
1889;0;0;1
1890;0;0;1
1891;0;0;1
1892;0;0;1
1893;0;0;1
1894;0;0;1
1895;0;0;1
1896;0;0;1
1897;0;0;1
1898;0;0;1
1899;0;0;1
1900;0;0;1
1901;0;0;2
1902;0;0;2
1903;0;0;2
1904;0;0;2
1905;0;0;2
1906;0;0;2
1907;0;0;2
1908;0;0;2
1909;0;0;2
1910;0;0;2
1911;0;0;2
1912;0;0;2
1913;0;0;2
1914;0;0;2
1915;0;0;2
1916;0;0;2
1917;0;0;2
1918;0;0;2
1919;0;0;2
1920;0;0;2
1921;0;0;2
1922;0;0;2
1923;0;0;2
1924;0;0;2
1925;0;0;2
1926;0;0;2
1927;0;0;2
1928;0;0;2
1929;0;0;2
1930;0;0;2
1931;0;0;2
1932;0;0;2
1933;0;0;2
1934;0;0;2
1935;0;0;2
1936;0;0;2
1937;0;0;2
1938;0;0;2
1939;0;0;2
1940;0;0;2
1941;0;0;2
1942;0;0;2
1943;0;0;2
1944;0;0;2
1945;0;0;2
1946;0;0;1
1947;0;0;1
1948;0;0;1
1949;0;0;1
1950;0;0;0
1951;0;0;0
1952;0;0;0
1953;0;0;0
1954;0;0;0
1955;0;0;0
1956;0;0;0
1957;0;0;0
1958;0;0;0
1959;0;0;0
1960;0;0;0
1961;0;0;0
1962;0;0;0
1963;0;0;0
1964;0;0;0
1965;0;0;0
1966;0;0;0
1967;0;0;0
1968;0;0;0
1969;0;0;0
1970;0;0;0
1971;0;0;0
1972;0;0;0
1973;0;0;0
1974;0;0;0
1975;0;0;0
1976;0;0;0
1977;0;0;0
1978;0;0;0
1979;0;0;0
1980;0;0;0
1981;0;0;0
1982;0;0;0
1983;0;0;0
1984;0;0;0
1985;0;0;0
1986;0;0;0
1987;0;0;0
1988;0;0;0
1989;0;0;0
1990;0;0;0
1991;0;0;0
1992;0;0;0
1993;0;0;0
1994;0;0;0
1995;0;0;0
1996;0;0;0
1997;0;0;0
1998;0;0;0
1999;0;0;0
;0;0;0
2001;0;0;0
2002;0;0;0
2003;0;0;0
2004;0;0;0
2005;0;0;0
2006;0;0;0
2007;0;0;0
2008;0;0;0
2009;0;0;0
2010;0;0;0
2011;0;0;0
2012;0;0;0
2013;0;0;0
2014;0;0;0
2015;0;0;0
2016;0;0;0
2017;0;0;0
2018;0;0;0
2019;0;0;0
2020;0;0;0
2021;0;0;0
2022;0;0;0
2023;0;0;0
2024;0;0;0
2025;0;0;0
2026;0;0;0
2027;0;0;0
2028;0;0;0
2029;0;0;0
2030;0;0;0
2031;0;0;0
2032;0;0;0
2033;0;0;0
2034;0;0;0
2035;0;0;0
2036;0;0;1
2037;0;0;1
2038;0;0;1
2039;0;0;1
2040;0;0;1
2041;0;0;1
2042;0;0;1
2043;0;0;1
2044;0;0;1
2045;0;0;0
2046;0;0;0
2047;0;0;0
2048;0;0;0
2049;0;0;0
2050;0;0;0
2051;0;0;0
2052;0;0;0
2053;0;0;0
2054;0;0;0
2055;0;0;0
2056;0;0;0
2057;0;0;0
2058;0;0;0
2059;0;0;0
2060;0;0;0
2061;0;0;0
2062;0;0;0
2063;0;0;0
2064;0;0;0
2065;0;0;0
2066;0;0;0
2067;0;0;0
2068;0;0;0
2069;0;0;0
2070;0;0;0
2071;0;0;0
2072;0;0;0
2073;0;0;0
2074;0;0;0
2075;0;0;0
2076;0;0;0
2077;0;0;0
2078;0;0;0
2079;0;0;0
2080;0;0;0
2081;0;0;0
2082;0;0;0
2083;0;0;0
2084;0;0;0
2085;0;0;0
2086;0;0;0
2087;0;0;0
2088;0;0;0
2089;0;0;0
2090;0;0;0
2091;0;0;0
2092;0;0;0
2093;0;0;0
2094;0;0;0
2095;0;0;0
2096;0;0;0
2097;0;0;0
2098;0;0;0
2099;0;0;0
2100;0;0;0
2101;0;0;0
2102;0;0;0
2103;0;0;0
2104;0;0;0
2105;0;0;0
2106;0;0;0
2107;0;0;0
2108;0;0;0
2109;0;0;0
2110;0;0;0
2111;0;0;0
2112;0;0;0
2113;0;0;0
2114;0;0;0
2115;0;0;0
2116;0;0;0
2117;0;0;0
2118;0;0;0
2119;0;0;0
2120;0;0;0
2121;0;0;0
2122;0;0;0
2123;0;0;0
2124;0;0;0
2125;0;0;0
2126;0;0;0
2127;0;0;0
2128;0;0;0
2129;0;0;0
2130;0;0;0
2131;0;0;0
2132;0;0;0
2133;0;0;0
2134;0;0;0
2135;0;0;0
2136;0;0;0
2137;0;0;0
2138;0;0;0
2139;0;0;0
2140;0;0;0
2141;0;0;0
2142;0;0;0
2143;0;0;0
2144;0;0;0
2145;0;0;0
2146;0;0;0
2147;0;0;0
2148;0;0;0
2149;0;0;0
2150;0;0;0
2151;0;0;0
2152;0;0;0
2153;0;0;0
2154;0;0;0
2155;0;0;0
2156;0;0;0
2157;0;0;0
2158;0;0;0
2159;0;0;0
2160;0;0;0
2161;0;0;0
2162;0;0;0
2163;0;0;0
2164;0;0;0
2165;0;0;0
2166;0;0;0
2167;0;0;0
2168;0;0;0
2169;0;0;0
2170;0;0;0
2171;0;0;0
2172;0;0;0
2173;0;0;0
2174;0;0;0
2175;0;0;0
2176;0;0;0
2177;0;0;0
2178;0;0;0
2179;0;0;0
2180;0;0;0
2181;0;0;0
2182;0;0;0
2183;0;0;0
2184;0;0;0
2185;0;0;0
2186;0;0;0
2187;0;0;0
2188;0;0;0
2189;0;0;0
2190;0;0;0
2191;0;0;0
2192;0;0;0
2193;0;0;0
2194;0;0;0
2195;0;0;0
2196;0;0;0
2197;0;0;0
2198;0;0;0
2199;0;0;1
2200;0;0;1
2201;0;0;1
2202;0;0;2
2203;0;0;2
2204;0;0;2
2205;0;0;2
2206;0;0;2
2207;0;0;2
2208;0;0;2
2209;0;0;2
2210;0;0;2
2211;0;0;2
2212;0;0;2
2213;0;0;2
2214;0;0;2
2215;0;0;2
2216;0;0;2
2217;0;0;2
2218;0;0;2
2219;0;0;2
2220;0;0;2
2221;0;0;2
2222;0;0;2
2223;0;0;2
2224;0;0;2
2225;0;0;2
2226;0;0;2
2227;0;0;2
2228;0;0;2
2229;0;0;2
2230;0;0;2
2231;0;0;2
2232;0;0;2
2233;0;0;2
2234;0;0;2
2235;0;0;2
2236;0;0;2
2237;0;0;2
2238;0;0;2
2239;0;0;2
2240;0;0;2
2241;0;0;2
2242;0;0;2
2243;0;0;2
2244;0;0;2
2245;0;0;2
2246;0;0;2
2247;0;0;2
2248;0;0;2
2249;0;0;2
2250;0;0;2
2251;0;0;2
2252;0;0;2
2253;0;0;2
2254;0;0;2
2255;0;0;2
2256;0;0;2
2257;0;0;2
2258;0;0;2
2259;0;0;1
2260;0;0;1
2261;0;0;1
2262;0;0;1
2263;0;0;0
2264;0;0;0
2265;0;0;0
2266;0;0;0
2267;0;0;0
2268;0;0;0
2269;0;0;0
2270;0;0;0
2271;0;0;0
2272;0;0;0
2273;0;0;0
2274;0;0;0
2275;0;0;0
2276;0;0;0
2277;0;0;0
2278;0;0;0
2279;0;0;0
2280;0;0;0
2281;0;0;0
2282;0;0;0
2283;0;0;0
2284;0;0;1
2285;0;0;1
2286;0;0;1
2287;0;0;1
2288;0;0;1
2289;0;0;2
2290;0;0;2
2291;0;0;2
2292;0;0;2
2293;0;0;2
2294;0;0;2
2295;0;0;2
2296;0;0;2
2297;0;0;2
2298;0;0;2
2299;0;0;2
2300;0;0;2
2301;0;0;2
2302;0;0;2
2303;0;0;2
2304;0;0;2
2305;0;0;2
2306;0;0;2
2307;0;0;2
2308;0;0;2
2309;0;0;2
2310;0;0;2
2311;0;0;2
2312;0;0;2
2313;0;0;2
2314;0;0;2
2315;0;0;2
2316;0;0;2
2317;0;0;2
2318;0;0;2
2319;0;0;2
2320;0;0;2
2321;0;0;2
2322;0;0;2
2323;0;0;2
2324;0;0;2
2325;0;0;2
2326;0;0;2
2327;0;0;2
2328;0;0;2
2329;0;0;2
2330;0;0;2
2331;0;0;2
2332;0;0;2
2333;0;0;2
2334;0;0;2
2335;0;0;2
2336;0;0;2
2337;0;0;2
2338;0;0;2
2339;0;0;2
2340;0;0;2
2341;0;0;2
2342;0;0;2
2343;0;0;2
2344;0;0;2
2345;0;0;2
2346;0;0;2
2347;0;0;2
2348;0;0;2
2349;0;0;2
2350;0;0;2
2351;0;0;2
2352;0;0;2
2353;0;0;2
2354;0;0;2
2355;0;0;2
2356;0;0;2
2357;0;0;2
2358;0;0;2
2359;0;0;2
2360;0;0;2
2361;0;0;2
2362;0;0;2
2363;0;0;2
2364;0;0;2
2365;0;0;2
2366;0;0;2
2367;0;0;2
2368;0;0;2
2369;0;0;2
2370;0;0;2
2371;0;0;2
2372;0;0;2
2373;0;0;2
2374;0;0;2
2375;0;0;2
2376;0;0;2
2377;0;0;2
2378;0;0;2
2379;0;0;2
2380;0;0;2
2381;0;0;2
2382;0;0;2
2383;0;0;2
2384;0;0;2
2385;0;0;2
2386;0;0;2
2387;0;0;2
2388;0;0;2
2389;0;0;2
2390;0;0;2
2391;1;0;0
2392;1;0;0
2393;1;0;0
2394;1;0;0
2395;1;0;0
2396;1;0;0
2397;1;0;0
2398;1;0;0
2399;1;0;1
2400;1;0;1
2401;1;0;1
2402;1;0;1
2403;1;0;1
2404;1;0;1
2405;1;0;1
2406;0;0;1
2407;0;0;1
2408;0;0;1
2409;0;0;1
2410;0;0;1
2411;0;0;1
2412;0;0;1
2413;0;0;1
2414;0;0;1
2415;0;1;1
2416;0;1;1
2417;0;1;1
2418;0;1;1
2419;0;1;1
2420;0;1;1
2421;0;1;1
2422;0;1;1
2423;0;1;1
2424;0;1;1
2425;0;1;1
2426;0;1;1
2427;0;1;1
2428;0;0;2
2429;0;0;2
2430;0;0;2
2431;0;0;2
2432;0;0;2
2433;0;0;2
2434;0;0;2
2435;0;0;2
2436;0;0;2
2437;0;0;2
2438;0;0;2
2439;0;0;2
2440;0;0;2
2441;0;0;2
2442;0;0;2
2443;0;0;2
2444;0;0;2
2445;0;0;2
2446;0;0;2
2447;0;0;2
2448;0;0;2
2449;0;0;2
2450;0;0;2
2451;0;0;2
2452;0;0;2
2453;0;0;2
2454;0;0;2
2455;0;0;2
2456;0;0;2
2457;0;0;2
2458;0;0;2
2459;0;0;2
2460;0;0;2
2461;0;0;2
2462;0;0;2
2463;0;0;2
2464;0;0;2
2465;0;0;2
2466;0;0;2
2467;0;0;2
2468;0;0;2
2469;0;0;2
2470;0;0;2
2471;0;0;2
2472;0;0;2
2473;0;0;2
2474;0;0;2
2475;0;0;2
2476;0;0;2
2477;0;0;2
2478;0;0;2
2479;0;0;2
2480;0;0;2
2481;0;0;2
2482;0;0;2
2483;0;0;2
2484;0;0;2
2485;0;0;2
2486;0;0;2
2487;0;0;2
2488;0;0;2
2489;0;0;2
2490;0;0;2
2491;0;0;2
2492;0;0;2
2493;0;0;2
2494;0;0;2
2495;0;0;2
2496;0;0;2
2497;0;0;2
2498;0;0;2
2499;0;0;2
2500;0;0;2
2501;0;0;2
2502;0;0;2
2503;0;0;2
2504;0;0;2
2505;0;0;2
2506;0;0;2
2507;0;0;2
2508;0;0;2
2509;0;0;2
2510;0;0;2
2511;0;0;2
2512;0;0;2
2513;0;0;2
2514;0;0;2
2515;0;0;2
2516;0;0;2
2517;0;0;2
2518;0;0;2
2519;0;0;2
2520;0;0;2
2521;0;0;2
2522;0;0;2
2523;0;0;2
2524;0;0;2
2525;0;0;2
2526;0;0;2
2527;0;1;1
2528;0;2;0
2529;0;2;0
2530;0;2;0
2531;0;2;0
2532;0;2;0
2533;0;2;0
2534;0;2;0
2535;0;2;0
2536;0;2;0
2537;0;2;0
2538;0;2;0
2539;0;2;0
2540;0;2;0
2541;0;2;0
2542;0;2;0
2543;0;2;0
2544;0;2;0
2545;0;2;0
2546;0;1;0
2547;0;2;0
2548;0;2;0
2549;0;1;0
2550;0;1;0
2551;0;2;0
2552;0;2;0
2553;0;2;0
2554;0;2;0
2555;0;2;0
2556;0;2;0
2557;0;2;0
2558;0;2;0
2559;0;2;0
2560;0;2;0
2561;0;2;0
2562;0;2;0
2563;0;2;0
2564;0;2;0
2565;1;1;0
2566;1;1;0
2567;1;1;0
2568;2;0;0
2569;2;0;0
2570;2;0;0
2571;2;0;0
2572;2;0;0
2573;2;0;0
2574;2;0;0
2575;2;0;0
2576;2;0;0
2577;2;0;0
2578;2;0;0
2579;1;1;0
2580;0;2;0
2581;0;2;0
2582;0;2;0
2583;0;2;0
2584;0;2;0
2585;0;2;0
2586;0;2;0
2587;0;2;0
2588;0;2;0
2589;0;2;0
2590;0;2;0
2591;0;2;0
2592;0;2;0
2593;0;2;0
2594;0;2;0
2595;0;2;0
2596;0;2;0
2597;0;2;0
2598;0;2;0
2599;1;1;0
2600;1;1;0
2601;1;1;0
2602;2;0;0
2603;2;0;0
2604;2;0;0
2605;2;0;0
2606;2;0;0
2607;2;0;0
2608;2;0;0
2609;1;1;0
2610;1;1;0
2611;1;1;0
2612;1;1;0
2613;1;1;0
2614;1;1;0
2615;1;1;0
2616;1;0;0
2617;1;0;0
2618;1;0;0
2619;1;0;0
2620;1;0;0
2621;1;0;0
2622;1;0;0
2623;1;0;0
2624;1;0;0
2625;1;0;0
2626;1;0;0
2627;0;1;0
2628;0;1;0
2629;0;1;0
2630;0;1;0
2631;0;1;0
2632;0;1;0
2633;0;1;0
2634;0;1;0
2635;0;1;0
2636;0;1;0
2637;0;1;0
2638;0;1;0
2639;0;2;0
2640;0;2;0
2641;0;2;0
2642;0;2;0
2643;0;2;0
2644;0;2;0
2645;0;2;0
2646;0;2;0
2647;0;2;0
2648;0;2;0
2649;0;2;0
2650;0;2;0
2651;0;2;0
2652;0;2;0
2653;0;2;0
2654;1;1;0
2655;1;1;0
2656;1;1;0
2657;1;1;0
2658;1;1;0
2659;1;1;0
2660;1;1;0
2661;1;1;0
2662;1;1;0
2663;1;1;0
2664;1;1;0
2665;1;1;0
2666;1;1;0
2667;1;1;0
2668;1;1;0
2669;1;1;0
2670;1;1;0
2671;1;1;0
2672;1;1;0
2673;1;1;0
2674;1;1;0
2675;1;1;0
2676;1;1;0
2677;1;1;0
2678;1;1;0
2679;1;1;0
2680;1;1;0
2681;0;2;0
2682;0;2;0
2683;0;2;0
2684;0;2;0
2685;0;2;0
2686;0;2;0
2687;0;2;0
2688;0;2;0
2689;0;1;0
2690;0;1;0
2691;0;1;0
2692;0;1;0
2693;0;1;0
2694;0;1;0
2695;0;1;0
2696;0;1;0
2697;0;0;0
2698;0;0;0
2699;0;0;0
2700;0;0;0
2701;0;0;0
2702;0;0;0
2703;0;0;0
2704;0;0;0
2705;0;0;0
2706;0;0;0
2707;0;0;0
2708;0;0;0
2709;0;0;0
2710;0;0;0
2711;0;0;0
2712;0;0;0
2713;0;0;0
2714;0;0;0
2715;0;0;0
2716;0;0;0
2717;0;0;0
2718;0;0;0
2719;0;0;0
2720;0;0;0
2721;0;0;0
2722;0;0;0
2723;0;0;0
2724;0;0;0
2725;0;0;0
2726;0;0;0
2727;0;0;0
2728;0;0;0
2729;0;0;0
2730;0;0;0
2731;0;0;0
2732;0;0;0
2733;0;0;0
2734;0;0;0
2735;0;0;0
2736;0;0;0
2737;0;0;0
2738;0;0;0
2739;0;0;0
2740;0;0;0
2741;0;0;0
2742;0;0;0
2743;0;0;0
2744;0;0;0
2745;0;0;0
2746;0;0;0
2747;0;0;0
2748;0;0;0
2749;0;0;0
2750;0;0;0
2751;0;0;1
2752;0;0;2
2753;0;0;2
2754;0;0;2
2755;0;0;2
2756;0;0;2
2757;0;0;2
2758;0;0;2
2759;0;0;2
2760;0;0;2
2761;0;1;1
2762;0;1;1
2763;0;1;1
2764;0;1;1
2765;0;1;1
2766;0;1;1
2767;0;1;1
2768;0;1;1
2769;1;1;0
2770;1;1;0
2771;1;1;0
2772;1;1;0
2773;1;1;0
2774;1;1;0
2775;1;1;0
2776;0;2;0
2777;0;2;0
2778;0;2;0
2779;0;2;0
2780;0;2;0
2781;0;2;0
2782;0;2;0
2783;0;2;0
2784;0;2;0
2785;0;2;0
2786;0;2;0
2787;0;2;0
2788;0;2;0
2789;0;2;0
2790;0;2;0
2791;0;2;0
2792;0;2;0
2793;0;2;0
2794;0;2;0
2795;0;2;0
2796;0;2;0
2797;0;2;0
2798;0;2;0
2799;0;2;0
2800;0;2;0
2801;0;2;0
2802;0;2;0
2803;0;1;0
2804;0;1;0
2805;0;1;0
2806;0;1;0
2807;0;1;0
2808;0;1;0
2809;0;1;0
2810;0;1;0
2811;0;1;0
2812;0;1;0
2813;0;1;0
2814;0;1;0
2815;0;1;0
2816;0;1;0
2817;0;1;0
2818;0;1;0
2819;0;1;0
2820;0;1;0
2821;0;1;0
2822;0;1;0
2823;0;1;0
2824;0;1;0
2825;0;1;0
2826;0;1;0
2827;0;1;0
2828;0;1;0
2829;0;1;0
2830;0;1;0
2831;0;1;0
2832;0;0;0
2833;0;0;0
2834;0;0;0
2835;0;0;0
2836;0;0;0
2837;0;0;0
2838;0;0;0
2839;0;0;0
2840;0;0;0
2841;0;0;0
2842;0;0;0
2843;0;0;0
2844;0;0;0
2845;0;0;0
2846;0;0;0
2847;0;0;0
2848;0;0;0
2849;0;0;0
2850;0;0;0
2851;0;0;0
2852;0;0;0
2853;0;0;0
2854;0;0;0
2855;0;0;0
2856;0;0;0
2857;0;0;0
2858;0;0;0
2859;0;0;0
2860;0;0;0
2861;0;0;0
2862;0;0;0
2863;0;0;0
2864;0;0;0
2865;0;0;0
2866;0;0;0
2867;0;0;0
2868;0;0;0
2869;0;0;0
2870;0;0;0
2871;0;0;0
2872;0;0;0
2873;0;0;0
2874;0;0;0
2875;0;0;0
2876;0;0;0
2877;0;0;0
2878;0;0;0
2879;0;0;0
2880;0;0;0
2881;0;0;0
2882;0;0;0
2883;0;0;0
2884;0;0;0
2885;0;0;0
2886;0;0;0
2887;0;0;0
2888;0;0;0
2889;0;0;0
2890;0;0;0
2891;0;0;0
2892;0;0;0
2893;0;0;0
2894;0;0;0
2895;0;0;0
2896;0;0;0
2897;0;0;0
2898;0;0;0
2899;0;0;0
2900;0;0;0
2901;0;0;0
2902;0;0;0
2903;0;0;0
2904;0;0;0
2905;0;0;0
2906;0;0;0
2907;0;0;0
2908;0;0;0
2909;0;0;0
2910;0;0;0
2911;0;0;0
2912;0;0;0
2913;0;0;0
2914;0;0;0
2915;0;0;0
2916;0;0;0
2917;0;0;0
2918;0;0;0
2919;0;0;0
2920;0;0;0
2921;0;0;0
2922;0;0;0
2923;0;0;0
2924;0;0;0
2925;0;0;0
2926;0;0;0
2927;0;0;0
2928;0;0;0
2929;0;0;0
2930;0;0;0
2931;0;0;0
2932;0;0;0
2933;0;0;0
2934;0;0;0
2935;0;0;0
2936;0;0;0
2937;0;0;0
2938;0;0;0
2939;0;0;0
2940;0;0;0
2941;0;0;0
2942;0;0;0
2943;0;0;0
2944;0;0;0
2945;0;0;0
2946;0;0;0
2947;0;0;0
2948;0;0;0
2949;0;0;0
2950;0;0;0
2951;0;0;0
2952;0;0;0
2953;0;0;0
2954;0;0;0
2955;0;0;0
2956;0;0;0
2957;0;0;0
2958;0;0;0
2959;0;0;0
2960;0;0;0
2961;0;0;0
2962;0;0;0
2963;0;0;0
2964;0;0;0
2965;0;0;0
2966;0;0;1
2967;0;0;1
2968;0;0;1
2969;0;0;1
2970;0;0;1
2971;0;0;1
2972;0;0;2
2973;0;0;2
2974;0;0;2
2975;0;0;2
2976;0;0;2
2977;0;0;2
2978;0;0;2
2979;0;0;2
2980;0;0;2
2981;0;0;2
2982;0;0;2
2983;0;0;2
2984;0;0;2
2985;0;0;2
2986;0;0;2
2987;0;0;2
2988;0;0;2
2989;0;0;2
2990;0;0;0
2991;0;0;0
2992;0;0;0
2993;0;0;0
2994;0;0;0
2995;0;0;0
2996;0;0;0
2997;0;0;0
2998;0;0;0
2999;0;0;0
3000;0;0;0
3001;0;0;0
3002;0;0;0
3003;0;0;0
3004;0;0;0
3005;0;0;0
3006;0;0;0
3007;0;0;0
3008;0;0;0
3009;0;0;0
3010;0;0;0
3011;0;0;0
3012;0;0;0
3013;0;0;0
3014;0;0;0
3015;0;0;0
3016;0;0;0
3017;0;0;0
3018;0;0;0
3019;0;0;0
3020;0;0;0
3021;0;0;0
3022;0;0;0
3023;0;0;0
3024;0;0;0
3025;0;0;0
3026;0;0;0
3027;0;0;0
3028;0;0;0
3029;0;0;0
3030;0;0;0
3031;0;0;0
3032;0;0;0
3033;0;0;0
3034;0;0;0
3035;0;0;0
3036;0;0;0
3037;0;0;0
3038;0;0;0
3039;0;0;0
3040;0;0;0
3041;0;0;0
3042;0;0;0
3043;0;0;1
3044;0;0;1
3045;0;0;1
3046;0;0;1
3047;0;0;1
3048;0;0;1
3049;0;0;1
3050;0;0;1
3051;0;0;1
3052;0;0;1
3053;0;0;0
3054;0;0;0
3055;0;0;0
3056;0;0;0
3057;0;0;0
3058;0;0;0
3059;0;0;0
3060;0;0;0
3061;0;0;0
3062;0;0;0
3063;0;0;0
3064;0;0;0
3065;0;0;0
3066;0;0;0
3067;0;0;0
3068;0;0;0
3069;0;0;0
3070;0;0;0
3071;0;0;0
3072;0;0;0
3073;0;0;0
3074;0;0;0
3075;0;0;0
3076;0;0;0
3077;0;0;0
3078;0;0;0
3079;0;0;0
3080;0;0;0
3081;0;0;0
3082;0;0;0
3083;0;0;0
3084;0;0;0
3085;0;0;0
3086;0;0;0
3087;0;0;0
3088;0;0;0
3089;0;0;0
3090;0;0;0
3091;0;0;0
3092;0;0;0
3093;0;0;0
3094;0;0;0
3095;0;0;0
3096;0;0;0
3097;0;0;0
3098;0;0;0
3099;0;0;0
3100;0;0;0
3101;0;0;0
3102;0;0;0
3103;0;0;0
3104;0;0;0
3105;0;0;0
3106;0;0;0
3107;0;0;0
3108;0;0;0
3109;0;0;0
3110;0;0;0
3111;0;0;1
3112;0;0;1
3113;0;0;1
3114;0;0;1
3115;0;0;1
3116;0;0;1
3117;0;0;1
3118;0;0;1
3119;0;0;1
3120;0;0;1
3121;0;0;1
3122;0;0;1
3123;0;0;1
3124;0;0;1
3125;0;0;1
3126;0;0;2
3127;0;0;2
3128;0;0;2
3129;0;0;2
3130;0;0;2
3131;0;0;2
3132;0;0;2
3133;0;0;2
3134;0;0;2
3135;0;0;2
3136;0;0;2
3137;0;0;2
3138;0;0;2
3139;0;0;2
3140;0;0;2
3141;0;0;2
3142;0;0;2
3143;0;0;2
3144;0;0;2
3145;0;0;2
3146;0;0;2
3147;0;0;2
3148;0;0;1
3149;0;0;1
3150;0;0;1
3151;0;0;1
3152;0;0;1
3153;0;0;1
3154;0;0;1
3155;0;0;1
3156;0;0;1
3157;0;0;1
3158;0;0;0
3159;0;0;0
3160;0;0;0
3161;0;0;0
3162;0;0;0
3163;0;0;0
3164;0;0;0
3165;0;0;0
3166;0;0;0
3167;0;0;0
3168;0;0;0
3169;0;0;0
3170;0;0;0
3171;0;0;0
3172;0;0;0
3173;0;0;0
3174;0;0;0
3175;0;0;0
3176;0;0;0
3177;0;0;0
3178;0;0;0
3179;0;0;0
3180;0;0;0
3181;0;0;0
3182;0;0;0
3183;0;0;0
3184;0;0;0
3185;0;0;0
3186;0;0;0
3187;0;0;0
3188;0;0;0
3189;0;0;0
3190;0;0;0
3191;0;0;0
3192;0;0;0
3193;0;0;0
3194;0;0;0
3195;0;0;0
3196;0;0;0
3197;0;0;1
3198;0;0;1
3199;0;0;1
3200;0;0;1
3201;0;0;1
3202;0;0;2
3203;0;0;2
3204;0;0;2
3205;0;0;2
3206;0;0;2
3207;0;0;2
3208;0;0;2
3209;0;0;2
3210;0;0;2
3211;0;0;2
3212;0;0;2
3213;0;0;2
3214;0;0;2
3215;0;0;2
3216;0;0;2
3217;0;0;2
3218;0;0;2
3219;0;0;2
3220;0;0;2
3221;0;0;2
3222;0;0;2
3223;0;0;2
3224;0;0;2
3225;0;0;2
3226;0;0;2
3227;0;0;2
3228;0;0;2
3229;0;0;2
3230;0;0;2
3231;0;0;2
3232;0;0;2
3233;0;0;2
3234;0;0;2
3235;0;0;2
3236;0;0;2
3237;0;0;2
3238;0;0;2
3239;0;0;2
3240;0;0;2
3241;0;0;2
3242;0;0;2
3243;0;0;2
3244;0;0;2
3245;0;0;2
3246;0;0;2
3247;0;0;2
3248;0;0;2
3249;0;0;2
3250;0;0;2
3251;0;0;2
3252;0;0;2
3253;0;0;2
3254;0;0;2
3255;0;0;2
3256;0;0;2
3257;0;0;2
3258;0;0;2
3259;0;0;2
3260;0;0;2
3261;0;0;2
3262;0;0;2
3263;0;0;2
3264;0;0;2
3265;0;0;2
3266;0;0;2
3267;0;0;2
3268;0;0;2
3269;0;0;2
3270;0;0;2
3271;0;0;1
3272;0;0;1
3273;0;0;1
3274;0;0;1
3275;0;0;1
3276;0;0;1
3277;0;0;1
3278;0;0;0
3279;0;0;0
3280;0;0;0
3281;0;0;0
3282;0;0;0
3283;0;0;0
3284;0;0;0
3285;0;0;0
3286;0;0;0
3287;0;0;0
3288;0;0;0
3289;0;0;0
3290;0;0;0
3291;0;0;0
3292;0;0;0
3293;0;0;0
3294;0;0;0
3295;0;0;0
3296;0;0;0
3297;0;0;0
3298;0;0;0
3299;0;0;0
3300;0;0;0
3301;0;0;0
3302;0;0;0
3303;0;0;0
3304;0;0;0
3305;0;0;0
3306;0;0;0
3307;0;0;0
3308;0;0;0
3309;0;0;0
3310;0;0;0
3311;0;0;0
3312;0;0;0
3313;0;0;0
3314;0;0;0
3315;0;0;0
3316;0;0;0
3317;0;0;0
3318;0;0;0
3319;0;0;1
3320;0;0;2
3321;0;0;2
3322;0;0;2
3323;0;0;2
3324;0;0;2
3325;0;0;2
3326;0;0;2
3327;0;0;2
3328;0;0;2
3329;0;0;2
3330;0;0;2
3331;0;0;2
3332;0;0;2
3333;0;0;2
3334;0;0;2
3335;0;0;2
3336;0;0;2
3337;0;0;2
3338;0;0;2
3339;0;0;2
3340;0;0;2
3341;0;0;2
3342;0;0;2
3343;0;0;2
3344;0;0;2
3345;0;0;2
3346;0;0;2
3347;0;0;2
3348;0;0;2
3349;0;0;2
3350;0;0;2
3351;0;0;2
3352;0;0;2
3353;0;0;2
3354;0;0;2
3355;0;0;2
3356;0;0;2
3357;0;0;2
3358;0;0;2
3359;0;0;2
3360;0;0;2
3361;0;0;2
3362;0;0;2
3363;0;0;2
3364;0;0;2
3365;0;0;2
3366;0;0;2
3367;0;0;2
3368;0;0;2
3369;0;0;2
3370;0;0;2
3371;0;0;2
3372;0;0;2
3373;0;0;2
3374;0;0;2
3375;0;0;2
3376;0;0;2
3377;0;0;2
3378;0;0;2
3379;0;0;2
3380;0;0;2
3381;0;0;2
3382;0;0;2
3383;0;0;2
3384;0;0;2
3385;0;0;2
3386;0;0;2
3387;0;0;2
3388;0;0;2
3389;0;0;2
3390;0;0;2
3391;0;0;1
3392;0;0;0
3393;0;0;0
3394;0;0;0
3395;0;0;0
3396;0;0;0
3397;0;0;0
3398;0;0;0
3399;0;0;0
3400;0;0;0
3401;0;0;0
3402;0;0;0
3403;0;0;0
3404;0;0;0
3405;0;0;0
3406;0;0;0
3407;0;0;0
3408;0;0;0
3409;0;0;0
3410;0;0;0
3411;0;0;0
3412;0;0;0
3413;0;0;0
3414;0;0;0
3415;0;0;0
3416;0;0;0
3417;0;0;0
3418;0;0;0
3419;0;0;0
3420;0;0;0
3421;0;0;0
3422;0;0;0
3423;0;0;0
3424;0;0;0
3425;0;0;0
3426;0;0;0
3427;0;0;0
3428;0;0;0
3429;0;0;0
3430;0;0;0
3431;0;0;0
3432;0;0;0
3433;0;0;0
3434;0;0;0
3435;0;0;0
3436;0;0;0
3437;0;0;0
3438;0;0;0
3439;0;0;0
3440;0;0;0
3441;0;0;0
3442;0;0;0
3443;0;0;0
3444;0;0;0
3445;0;0;0
3446;0;0;0
3447;0;0;0
3448;0;0;0
3449;0;0;0
3450;0;0;0
3451;0;0;0
3452;0;0;0
3453;0;0;0
3454;0;0;0
3455;0;0;0
3456;0;0;0
3457;0;1;0
3458;0;1;0
3459;0;1;0
3460;0;1;0
3461;0;1;0
3462;0;2;0
3463;0;2;0
3464;0;2;0
3465;0;2;0
3466;0;2;0
3467;0;2;0
3468;0;2;0
3469;0;2;0
3470;0;2;0
3471;0;2;0
3472;0;2;0
3473;0;2;0
3474;0;2;0
3475;0;2;0
3476;0;2;0
3477;0;2;0
3478;0;2;0
3479;0;2;0
3480;0;2;0
3481;0;2;0
3482;0;2;0
3483;0;2;0
3484;0;2;0
3485;0;2;0
3486;0;2;0
3487;0;2;0
3488;0;2;0
3489;0;2;0
3490;0;2;0
3491;0;2;0
3492;0;2;0
3493;0;2;0
3494;0;2;0
3495;0;2;0
3496;0;2;0
3497;0;2;0
3498;0;2;0
3499;0;2;0
3500;0;2;0
3501;0;2;0
3502;0;2;0
3503;0;2;0
3504;0;2;0
3505;0;2;0
3506;0;1;0
3507;0;1;0
3508;0;1;0
3509;0;1;0
3510;0;1;0
3511;0;1;0
3512;0;0;0
3513;0;0;0
3514;0;0;0
3515;0;0;0
3516;0;0;0
3517;0;0;0
3518;0;0;0
3519;0;0;0
3520;0;0;0
3521;0;0;0
3522;0;0;0
3523;0;0;0
3524;0;0;0
3525;0;0;0
3526;0;0;0
3527;0;0;0
3528;0;0;0
3529;0;0;0
3530;0;0;0
3531;0;0;0
3532;0;0;0
3533;0;0;0
3534;0;1;0
3535;0;1;0
3536;0;1;0
3537;0;1;0
3538;0;1;0
3539;1;1;0
3540;2;0;0
3541;2;0;0
3542;2;0;0
3543;2;0;0
3544;2;0;0
3545;2;0;0
3546;2;0;0
3547;2;0;0
3548;1;1;0
3549;1;1;0
3550;1;1;0
3551;1;1;0
3552;1;1;0
3553;1;1;0
3554;1;1;0
3555;1;1;0
3556;1;1;0
3557;1;1;0
3558;1;1;0
3559;1;1;0
3560;0;2;0
3561;0;2;0
3562;0;2;0
3563;0;2;0
3564;0;2;0
3565;0;2;0
3566;0;2;0
3567;0;2;0
3568;0;2;0
3569;0;2;0
3570;0;2;0
3571;0;2;0
3572;0;1;0
3573;0;0;0
3574;0;1;0
3575;0;2;0
3576;0;2;0
3577;0;2;0
3578;0;2;0
3579;0;2;0
3580;0;2;0
3581;0;2;0
3582;0;2;0
3583;0;2;0
3584;0;2;0
3585;0;2;0
3586;1;1;0
3587;1;1;0
3588;1;1;0
3589;1;1;0
3590;2;0;0
3591;2;0;0
3592;2;0;0
3593;1;1;0
3594;1;1;0
3595;1;1;0
3596;0;2;0
3597;0;2;0
3598;0;2;0
3599;0;2;0
3600;0;2;0
3601;0;2;0
3602;0;2;0
3603;0;2;0
3604;0;2;0
3605;0;2;0
3606;0;2;0
3607;0;2;0
3608;0;2;0
3609;0;2;0
3610;0;2;0
3611;0;2;0
3612;0;2;0
3613;0;2;0
3614;0;2;0
3615;0;2;0
3616;0;2;0
3617;0;2;0
3618;0;2;0
3619;0;2;0
3620;0;2;0
3621;0;2;0
3622;0;2;0
3623;0;2;0
3624;0;2;0
3625;0;2;0
3626;0;2;0
3627;0;2;0
3628;0;2;0
3629;0;2;0
3630;0;1;0
3631;0;1;0
3632;0;2;0
3633;0;1;0
3634;0;2;0
3635;0;2;0
3636;0;2;0
3637;0;2;0
3638;0;2;0
3639;0;2;0
3640;0;2;0
3641;0;2;0
3642;0;2;0
3643;0;2;0
3644;0;2;0
3645;0;2;0
3646;0;2;0
3647;0;2;0
3648;0;2;0
3649;0;2;0
3650;0;2;0
3651;0;2;0
3652;0;2;0
3653;1;1;0
3654;1;1;0
3655;1;1;0
3656;1;1;0
3657;1;1;0
3658;1;1;0
3659;1;1;0
3660;1;1;0
3661;1;1;0
3662;1;1;0
3663;1;1;0
3664;1;1;0
3665;1;1;0
3666;1;1;0
3667;1;1;0
3668;1;1;0
3669;1;1;0
3670;0;2;0
3671;0;2;0
3672;0;2;0
3673;0;2;0
3674;0;2;0
3675;0;2;0
3676;0;2;0
3677;0;2;0
3678;1;1;0
3679;1;1;0
3680;1;1;0
3681;1;1;0
3682;1;1;0
3683;1;1;0
3684;1;1;0
3685;1;1;0
3686;1;1;0
3687;1;1;0
3688;1;1;0
3689;1;1;0
3690;1;1;0
3691;1;1;0
3692;1;1;0
3693;1;1;0
3694;0;2;0
3695;0;2;0
3696;0;2;0
3697;0;2;0
3698;0;2;0
3699;0;2;0
3700;0;2;0
3701;0;2;0
3702;0;2;0
3703;0;2;0
3704;0;2;0
3705;0;2;0
3706;0;2;0
3707;0;2;0
3708;0;2;0
3709;0;2;0
